ID;NameOfStation;Line;Longitude_WGS84;Latitude_WGS84;AdmArea;District;Year;Month;global_id;geodata_center;geoarea
4;Автозаводская;Замоскворецкая линия;37.65858;55.70801;Южный административный округ;Даниловский район;2023;Январь;2533518833;;
4;Автозаводская;Замоскворецкая линия;37.65858;55.70801;Южный административный округ;Даниловский район;2023;Февраль;2571520007;;
9;Автозаводская;Замоскворецкая линия;37.65858;55.70801;Южный административный округ;Даниловский район;2023;Март;2580343098;;
10;Автозаводская;Замоскворецкая линия;37.65858;55.70801;Южный административный округ;Даниловский район;2023;Апрель;2587546086;;
5;Бульвар Дмитрия Донского;Серпуховско-Тимирязевская линия;37.57755224;55.56967951;Юго-Западный административный округ;район Северное Бутово;2021;Февраль;1146052543;;
6;Бульвар Дмитрия Донского;Серпуховско-Тимирязевская линия;37.57755224;55.56967951;Юго-Западный административный округ;район Северное Бутово;2021;Март;1146052554;;
7;Бульвар Дмитрия Донского;Серпуховско-Тимирязевская линия;37.57755224;55.56967951;Юго-Западный административный округ;район Северное Бутово;2021;Апрель;1146052565;;
10;Бульвар Дмитрия Донского;Серпуховско-Тимирязевская линия;37.57755224;55.56967951;Юго-Западный административный округ;район Северное Бутово;2021;Май;1146052578;;
8;Бульвар Дмитрия Донского;Серпуховско-Тимирязевская линия;37.57755224;55.56967951;Юго-Западный административный округ;район Северное Бутово;2021;Июнь;1146052586;;
8;Бульвар Дмитрия Донского;Серпуховско-Тимирязевская линия;37.57755224;55.56967951;Юго-Западный административный округ;район Северное Бутово;2021;Июль;1146052596;;
8;Бульвар Дмитрия Донского;Серпуховско-Тимирязевская линия;37.57755224;55.56967951;Юго-Западный административный округ;район Северное Бутово;2021;Август;1146052606;;
8;Бульвар Дмитрия Донского;Серпуховско-Тимирязевская линия;37.57755224;55.56967951;Юго-Западный административный округ;район Северное Бутово;2021;Сентябрь;1146363738;;
8;Бульвар Дмитрия Донского;Серпуховско-Тимирязевская линия;37.57755224;55.56967951;Юго-Западный административный округ;район Северное Бутово;2021;Октябрь;1263038830;;
5;Бульвар Дмитрия Донского;Серпуховско-Тимирязевская линия;37.57755224;55.56967951;Юго-Западный административный округ;район Северное Бутово;2021;Ноябрь;1266370638;;
6;Бульвар Дмитрия Донского;Серпуховско-Тимирязевская линия;37.57755224;55.56967951;Юго-Западный административный округ;район Северное Бутово;2021;Декабрь;1307242048;;
4;Бульвар Дмитрия Донского;Серпуховско-Тимирязевская линия;37.57755224;55.56967951;Юго-Западный административный округ;район Северное Бутово;2022;Январь;2257254032;;
6;Бульвар Дмитрия Донского;Серпуховско-Тимирязевская линия;37.57755224;55.56967951;Юго-Западный административный округ;район Северное Бутово;2022;Февраль;2359788815;;
8;Бульвар Дмитрия Донского;Серпуховско-Тимирязевская линия;37.57755224;55.56967951;Юго-Западный административный округ;район Северное Бутово;2022;Март;2362464386;;
8;Бульвар Дмитрия Донского;Серпуховско-Тимирязевская линия;37.57755224;55.56967951;Юго-Западный административный округ;район Северное Бутово;2022;Апрель;2366418028;;
10;Бульвар Дмитрия Донского;Серпуховско-Тимирязевская линия;37.57755224;55.56967951;Юго-Западный административный округ;район Северное Бутово;2022;Май;2370779687;;
9;Бульвар Дмитрия Донского;Серпуховско-Тимирязевская линия;37.57755224;55.56967951;Юго-Западный административный округ;район Северное Бутово;2022;Июнь;2375973452;;
9;Бульвар Дмитрия Донского;Серпуховско-Тимирязевская линия;37.57755224;55.56967951;Юго-Западный административный округ;район Северное Бутово;2022;Июль;2379935650;;
9;Бульвар Дмитрия Донского;Серпуховско-Тимирязевская линия;37.57755224;55.56967951;Юго-Западный административный округ;район Северное Бутово;2022;Август;2382463047;;
8;Бульвар Дмитрия Донского;Серпуховско-Тимирязевская линия;37.57755224;55.56967951;Юго-Западный административный округ;район Северное Бутово;2022;Сентябрь;2387305147;;
8;Бульвар Дмитрия Донского;Серпуховско-Тимирязевская линия;37.57755224;55.56967951;Юго-Западный административный округ;район Северное Бутово;2022;Октябрь;2390268804;;
6;Бульвар Дмитрия Донского;Серпуховско-Тимирязевская линия;37.57755224;55.56967951;Юго-Западный административный округ;район Северное Бутово;2022;Ноябрь;2402230297;;
5;Бульвар Дмитрия Донского;Серпуховско-Тимирязевская линия;37.57755224;55.56967951;Юго-Западный административный округ;район Северное Бутово;2022;Декабрь;2507467426;;
6;Бульвар Дмитрия Донского;Серпуховско-Тимирязевская линия;37.57755224;55.56967951;Юго-Западный административный округ;район Северное Бутово;2023;Январь;2533516523;;
7;Бульвар Дмитрия Донского;Серпуховско-Тимирязевская линия;37.57755224;55.56967951;Юго-Западный административный округ;район Северное Бутово;2023;Февраль;2571520023;;
7;Бульвар Дмитрия Донского;Серпуховско-Тимирязевская линия;37.57755224;55.56967951;Юго-Западный административный округ;район Северное Бутово;2023;Март;2580343047;;
7;Бульвар Дмитрия Донского;Серпуховско-Тимирязевская линия;37.57755224;55.56967951;Юго-Западный административный округ;район Северное Бутово;2023;Апрель;2587546038;;
8;Бульвар Дмитрия Донского;Серпуховско-Тимирязевская линия;37.57755224;55.56967951;Юго-Западный административный округ;район Северное Бутово;2023;Май;2591775738;;
10;Бульвар Дмитрия Донского;Серпуховско-Тимирязевская линия;37.57755224;55.56967951;Юго-Западный административный округ;район Северное Бутово;2023;Июнь;2601994155;;
10;Бульвар Дмитрия Донского;Серпуховско-Тимирязевская линия;37.57755224;55.56967951;Юго-Западный административный округ;район Северное Бутово;2023;Июль;2606843777;;
9;Бульвар Дмитрия Донского;Серпуховско-Тимирязевская линия;37.57755224;55.56967951;Юго-Западный административный округ;район Северное Бутово;2023;Август;2615276227;;
8;Бульвар Дмитрия Донского;Серпуховско-Тимирязевская линия;37.57755224;55.56967951;Юго-Западный административный округ;район Северное Бутово;2023;Сентябрь;2622020113;;
10;ВДНХ;Калужско-Рижская линия;37.64142125;55.82118628;Северо-Восточный административный округ;Останкинский район;2021;Август;1146052608;;
10;ВДНХ;Калужско-Рижская линия;37.64142125;55.82118628;Северо-Восточный административный округ;Останкинский район;2021;Декабрь;1307772883;;
10;ВДНХ;Калужско-Рижская линия;37.64142125;55.82118628;Северо-Восточный административный округ;Останкинский район;2022;Февраль;2359788821;;
10;ВДНХ;Калужско-Рижская линия;37.64142125;55.82118628;Северо-Восточный административный округ;Останкинский район;2022;Март;2362464411;;
8;ВДНХ;Калужско-Рижская линия;37.64142125;55.82118628;Северо-Восточный административный округ;Останкинский район;2022;Май;2370779685;;
7;ВДНХ;Калужско-Рижская линия;37.64142125;55.82118628;Северо-Восточный административный округ;Останкинский район;2022;Июнь;2375973450;;
7;ВДНХ;Калужско-Рижская линия;37.64142125;55.82118628;Северо-Восточный административный округ;Останкинский район;2022;Июль;2379935647;;
8;ВДНХ;Калужско-Рижская линия;37.64142125;55.82118628;Северо-Восточный административный округ;Останкинский район;2022;Август;2382463045;;
9;ВДНХ;Калужско-Рижская линия;37.64142125;55.82118628;Северо-Восточный административный округ;Останкинский район;2022;Сентябрь;2387305148;;
10;ВДНХ;Калужско-Рижская линия;37.64142125;55.82118628;Северо-Восточный административный округ;Останкинский район;2022;Октябрь;2390268967;;
8;ВДНХ;Калужско-Рижская линия;37.64142125;55.82118628;Северо-Восточный административный округ;Останкинский район;2022;Ноябрь;2402230299;;
9;ВДНХ;Калужско-Рижская линия;37.64142125;55.82118628;Северо-Восточный административный округ;Останкинский район;2023;Январь;2533516537;;
10;ВДНХ;Калужско-Рижская линия;37.64142125;55.82118628;Северо-Восточный административный округ;Останкинский район;2023;Февраль;2571520052;;
8;ВДНХ;Калужско-Рижская линия;37.64142125;55.82118628;Северо-Восточный административный округ;Останкинский район;2023;Март;2580343076;;
8;ВДНХ;Калужско-Рижская линия;37.64142125;55.82118628;Северо-Восточный административный округ;Останкинский район;2023;Апрель;2587546058;;
7;ВДНХ;Калужско-Рижская линия;37.64142125;55.82118628;Северо-Восточный административный округ;Останкинский район;2023;Май;2591775725;;
8;ВДНХ;Калужско-Рижская линия;37.64142125;55.82118628;Северо-Восточный административный округ;Останкинский район;2023;Июнь;2601994151;;
8;ВДНХ;Калужско-Рижская линия;37.64142125;55.82118628;Северо-Восточный административный округ;Останкинский район;2023;Июль;2606843774;;
8;ВДНХ;Калужско-Рижская линия;37.64142125;55.82118628;Северо-Восточный административный округ;Останкинский район;2023;Август;2615276192;;
9;ВДНХ;Калужско-Рижская линия;37.64142125;55.82118628;Северо-Восточный административный округ;Останкинский район;2023;Сентябрь;2622020114;;
2;Выхино;Таганско-Краснопресненская линия;37.81860885;55.80974166;Юго-Восточный административный округ;район Выхино-Жулебино;2021;Январь;1146052530;;
2;Выхино;Таганско-Краснопресненская линия;37.81860885;55.71545536;Юго-Восточный административный округ;район Выхино-Жулебино;2021;Февраль;1146052540;;
2;Выхино;Таганско-Краснопресненская линия;37.81860885;55.71545536;Юго-Восточный административный округ;район Выхино-Жулебино;2021;Март;1146052550;;
2;Выхино;Таганско-Краснопресненская линия;37.81860885;55.71545536;Юго-Восточный административный округ;район Выхино-Жулебино;2021;Апрель;1146052560;;
2;Выхино;Таганско-Краснопресненская линия;37.81860885;55.71545536;Юго-Восточный административный округ;район Выхино-Жулебино;2021;Май;1146052570;;
2;Выхино;Таганско-Краснопресненская линия;37.81860885;55.71545536;Юго-Восточный административный округ;район Выхино-Жулебино;2021;Июнь;1146052580;;
2;Выхино;Таганско-Краснопресненская линия;37.81860885;55.71545536;Юго-Восточный административный округ;район Выхино-Жулебино;2021;Июль;1146052590;;
2;Выхино;Таганско-Краснопресненская линия;37.81860885;55.71545536;Юго-Восточный административный округ;район Выхино-Жулебино;2021;Август;1146052600;;
2;Выхино;Таганско-Краснопресненская линия;37.81860885;55.71545536;Юго-Восточный административный округ;район Выхино-Жулебино;2021;Сентябрь;1146349072;;
2;Выхино;Таганско-Краснопресненская линия;37.81860885;55.71545536;Юго-Восточный административный округ;район Выхино-Жулебино;2021;Октябрь;1263038072;;
2;Выхино;Таганско-Краснопресненская линия;37.81860885;55.71545536;Юго-Восточный административный округ;район Выхино-Жулебино;2021;Ноябрь;1266370635;;
2;Выхино;Таганско-Краснопресненская линия;37.81860885;55.71545536;Юго-Восточный административный округ;район Выхино-Жулебино;2021;Декабрь;1304347427;;
2;Выхино;Таганско-Краснопресненская линия;37.81860885;55.71545536;Юго-Восточный административный округ;район Выхино-Жулебино;2022;Январь;2257253944;;
2;Выхино;Таганско-Краснопресненская линия;37.81860885;55.71545536;Юго-Восточный административный округ;район Выхино-Жулебино;2022;Февраль;2359788802;;
2;Выхино;Таганско-Краснопресненская линия;37.81860885;55.71545536;Юго-Восточный административный округ;район Выхино-Жулебино;2022;Март;2362409077;;
2;Выхино;Таганско-Краснопресненская линия;37.81860885;55.71545536;Юго-Восточный административный округ;район Выхино-Жулебино;2022;Апрель;2366417832;;
2;Выхино;Таганско-Краснопресненская линия;37.81860885;55.71545536;Юго-Восточный административный округ;район Выхино-Жулебино;2022;Май;2370779679;;
2;Выхино;Таганско-Краснопресненская линия;37.81860885;55.71545536;Юго-Восточный административный округ;район Выхино-Жулебино;2022;Июнь;2375973445;;
2;Выхино;Таганско-Краснопресненская линия;37.81860885;55.71545536;Юго-Восточный административный округ;район Выхино-Жулебино;2022;Июль;2379935642;;
2;Выхино;Таганско-Краснопресненская линия;37.81860885;55.71545536;Юго-Восточный административный округ;район Выхино-Жулебино;2022;Август;2382463038;;
2;Выхино;Таганско-Краснопресненская линия;37.81860885;55.71545536;Юго-Восточный административный округ;район Выхино-Жулебино;2022;Сентябрь;2387281233;;
2;Выхино;Таганско-Краснопресненская линия;37.81860885;55.71545536;Юго-Восточный административный округ;район Выхино-Жулебино;2022;Октябрь;2390268244;;
2;Выхино;Таганско-Краснопресненская линия;37.81860885;55.71545536;Юго-Восточный административный округ;район Выхино-Жулебино;2022;Ноябрь;2402230293;;
2;Выхино;Таганско-Краснопресненская линия;37.81860885;55.71545536;Юго-Восточный административный округ;район Выхино-Жулебино;2022;Декабрь;2507467423;;
2;Выхино;Таганско-Краснопресненская линия;37.81860885;55.71545536;Юго-Восточный административный округ;район Выхино-Жулебино;2023;Январь;2533516497;;
2;Выхино;Таганско-Краснопресненская линия;37.81860885;55.71545536;Юго-Восточный административный округ;район Выхино-Жулебино;2023;Февраль;2571519991;;
3;Выхино;Таганско-Краснопресненская линия;37.81860885;55.71545536;Юго-Восточный административный округ;район Выхино-Жулебино;2023;Март;2580342908;;
2;Выхино;Таганско-Краснопресненская линия;37.81860885;55.71545536;Юго-Восточный административный округ;район Выхино-Жулебино;2023;Апрель;2587545958;;
2;Выхино;Таганско-Краснопресненская линия;37.81860885;55.71545536;Юго-Восточный административный округ;район Выхино-Жулебино;2023;Май;2591775692;;
2;Выхино;Таганско-Краснопресненская линия;37.81860885;55.71545536;Юго-Восточный административный округ;район Выхино-Жулебино;2023;Июнь;2601994108;;
2;Выхино;Таганско-Краснопресненская линия;37.81860885;55.71545536;Юго-Восточный административный округ;район Выхино-Жулебино;2023;Июль;2606843755;;
2;Выхино;Таганско-Краснопресненская линия;37.81860885;55.71545536;Юго-Восточный административный округ;район Выхино-Жулебино;2023;Август;2615276013;;
2;Выхино;Таганско-Краснопресненская линия;37.81860885;55.71545536;Юго-Восточный административный округ;район Выхино-Жулебино;2023;Сентябрь;2622020103;;
5;Домодедовская;Замоскворецкая линия;37.71878552;55.61087011;Южный административный округ;район Орехово-Борисово Южное;2021;Январь;1146052533;;
8;Домодедовская;Замоскворецкая линия;37.71878552;55.61087011;Южный административный округ;район Орехово-Борисово Южное;2021;Февраль;1146052546;;
4;Домодедовская;Замоскворецкая линия;37.71878552;55.61087011;Южный административный округ;район Орехово-Борисово Южное;2021;Март;1146052552;;
4;Домодедовская;Замоскворецкая линия;37.71878552;55.61087011;Южный административный округ;район Орехово-Борисово Южное;2021;Апрель;1146052562;;
3;Домодедовская;Замоскворецкая линия;37.71878552;55.61087011;Южный административный округ;район Орехово-Борисово Южное;2021;Май;1146052571;;
4;Домодедовская;Замоскворецкая линия;37.71878552;55.61087011;Южный административный округ;район Орехово-Борисово Южное;2021;Июль;1146052592;;
4;Домодедовская;Замоскворецкая линия;37.71878552;55.61087011;Южный административный округ;район Орехово-Борисово Южное;2021;Август;1146052602;;
4;Домодедовская;Замоскворецкая линия;37.71878552;55.61087011;Южный административный округ;район Орехово-Борисово Южное;2021;Сентябрь;1146363528;;
5;Домодедовская;Замоскворецкая линия;37.71878552;55.61087011;Южный административный округ;район Орехово-Борисово Южное;2021;Октябрь;1263038366;;
4;Домодедовская;Замоскворецкая линия;37.71878552;55.61087011;Южный административный округ;район Орехово-Борисово Южное;2021;Ноябрь;1266370637;;
4;Домодедовская;Замоскворецкая линия;37.71878552;55.61087011;Южный административный округ;район Орехово-Борисово Южное;2021;Декабрь;1306593324;;
5;Домодедовская;Замоскворецкая линия;37.71878552;55.61087011;Южный административный округ;район Орехово-Борисово Южное;2022;Январь;2257253947;;
7;Домодедовская;Замоскворецкая линия;37.71878552;55.61087011;Южный административный округ;район Орехово-Борисово Южное;2022;Февраль;2359788817;;
4;Домодедовская;Замоскворецкая линия;37.71878552;55.61087011;Южный административный округ;район Орехово-Борисово Южное;2022;Март;2362409080;;
3;Домодедовская;Замоскворецкая линия;37.71878552;55.61087011;Южный административный округ;район Орехово-Борисово Южное;2022;Апрель;2366417897;;
3;Домодедовская;Замоскворецкая линия;37.71878552;55.61087011;Южный административный округ;район Орехово-Борисово Южное;2022;Май;2370779680;;
4;Домодедовская;Замоскворецкая линия;37.71878552;55.61087011;Южный административный округ;район Орехово-Борисово Южное;2022;Июнь;2375973447;;
3;Домодедовская;Замоскворецкая линия;37.71878552;55.61087011;Южный административный округ;район Орехово-Борисово Южное;2022;Июль;2379935643;;
3;Домодедовская;Замоскворецкая линия;37.71878552;55.61087011;Южный административный округ;район Орехово-Борисово Южное;2022;Август;2382463039;;
4;Домодедовская;Замоскворецкая линия;37.71878552;55.61087011;Южный административный округ;район Орехово-Борисово Южное;2022;Сентябрь;2387281236;;
5;Домодедовская;Замоскворецкая линия;37.71878552;55.61087011;Южный административный округ;район Орехово-Борисово Южное;2022;Октябрь;2390268526;;
9;Домодедовская;Замоскворецкая линия;37.71878552;55.61087011;Южный административный округ;район Орехово-Борисово Южное;2023;Май;2591775752;;
6;Домодедовская;Замоскворецкая линия;37.71878552;55.61087011;Южный административный округ;район Орехово-Борисово Южное;2023;Июнь;2601994137;;
5;Домодедовская;Замоскворецкая линия;37.71878552;55.61087011;Южный административный округ;район Орехово-Борисово Южное;2023;Июль;2606843770;;
6;Домодедовская;Замоскворецкая линия;37.71878552;55.61087011;Южный административный округ;район Орехово-Борисово Южное;2023;Август;2615276135;;
7;Домодедовская;Замоскворецкая линия;37.71878552;55.61087011;Южный административный округ;район Орехово-Борисово Южное;2023;Сентябрь;2622020112;;
9;Китай-город;Калужско-Рижская линия;37.63353147;55.7532979;Центральный административный округ;Таганский район;2021;Декабрь;1307652484;;
10;Коломенская;Замоскворецкая линия;37.66426861;55.67841547;Южный административный округ;район Нагатинский Затон;2021;Март;1146052558;;
1;Комсомольская;Кольцевая линия;37.65486112;55.77574627;Центральный административный округ;Красносельский район;2021;Январь;1146052610;;
1;Комсомольская;Кольцевая линия;37.65486112;55.77574627;Центральный административный округ;Красносельский район;2021;Февраль;1146052628;;
1;Комсомольская;Кольцевая линия;37.65486112;55.77574627;Центральный административный округ;Красносельский район;2021;Март;1146052630;;
1;Комсомольская;Кольцевая линия;37.65486112;55.77574627;Центральный административный округ;Красносельский район;2021;Апрель;1146052631;;
1;Комсомольская;Кольцевая линия;37.65486112;55.77574627;Центральный административный округ;Красносельский район;2021;Май;1146052632;;
1;Комсомольская;Кольцевая линия;37.65486112;55.77574627;Центральный административный округ;Красносельский район;2021;Июнь;1146052633;;
1;Комсомольская;Кольцевая линия;37.65486112;55.77574627;Центральный административный округ;Красносельский район;2021;Июль;1146052635;;
1;Комсомольская;Кольцевая линия;37.65486112;55.77574627;Центральный административный округ;Красносельский район;2021;Август;1146052636;;
1;Комсомольская;Кольцевая линия;37.65486112;55.77574627;Центральный административный округ;Красносельский район;2021;Сентябрь;1146349054;;
1;Комсомольская;Кольцевая линия;37.65486112;55.77574627;Центральный административный округ;Красносельский район;2021;Октябрь;1263038034;;
1;Комсомольская;Кольцевая линия;37.65486112;55.77574627;Центральный административный округ;Красносельский район;2021;Ноябрь;1266370699;;
1;Комсомольская;Кольцевая линия;37.65486112;55.77574627;Центральный административный округ;Красносельский район;2021;Декабрь;1304122819;;
1;Комсомольская;Кольцевая линия;37.65486112;55.77574627;Центральный административный округ;Красносельский район;2022;Январь;2257254012;;
1;Комсомольская;Кольцевая линия;37.65486112;55.77574627;Центральный административный округ;Красносельский район;2022;Февраль;2359788801;;
1;Комсомольская;Кольцевая линия;37.65486112;55.77574627;Центральный административный округ;Красносельский район;2022;Март;2362409067;;
1;Комсомольская;Кольцевая линия;37.65486112;55.77574627;Центральный административный округ;Красносельский район;2022;Апрель;2366313399;;
1;Комсомольская;Кольцевая линия;37.65486112;55.77574627;Центральный административный округ;Красносельский район;2022;Май;2370780977;;
1;Комсомольская;Кольцевая линия;37.65486112;55.77574627;Центральный административный округ;Красносельский район;2022;Июнь;2375973454;;
1;Комсомольская;Кольцевая линия;37.65486112;55.77574627;Центральный административный округ;Красносельский район;2022;Июль;2379935799;;
1;Комсомольская;Кольцевая линия;37.65486112;55.77574627;Центральный административный округ;Красносельский район;2022;Август;2382463131;;
1;Комсомольская;Кольцевая линия;37.65486112;55.77574627;Центральный административный округ;Красносельский район;2022;Сентябрь;2387305268;;
1;Комсомольская;Кольцевая линия;37.65486112;55.77574627;Центральный административный округ;Красносельский район;2022;Октябрь;2390268144;;
1;Комсомольская;Кольцевая линия;37.65486112;55.77574627;Центральный административный округ;Красносельский район;2022;Ноябрь;2402230292;;
1;Комсомольская;Кольцевая линия;37.65486112;55.77574627;Центральный административный округ;Красносельский район;2022;Декабрь;2507467421;;
1;Комсомольская;Кольцевая линия;37.65486112;55.77574627;Центральный административный округ;Красносельский район;2023;Январь;2533523261;;
1;Комсомольская;Кольцевая линия;37.65486112;55.77574627;Центральный административный округ;Красносельский район;2023;Февраль;2571519982;;
1;Комсомольская;Кольцевая линия;37.65486112;55.77574627;Центральный административный округ;Красносельский район;2023;Март;2580342845;;
1;Комсомольская;Кольцевая линия;37.65486112;55.77574627;Центральный административный округ;Красносельский район;2023;Апрель;2587545921;;
1;Комсомольская;Кольцевая линия;37.65486112;55.77574627;Центральный административный округ;Красносельский район;2023;Май;2591775684;;
1;Комсомольская;Кольцевая линия;37.65486112;55.77574627;Центральный административный округ;Красносельский район;2023;Июнь;2601994106;;
1;Комсомольская;Кольцевая линия;37.65486112;55.77574627;Центральный административный округ;Красносельский район;2023;Июль;2606843140;;
1;Комсомольская;Кольцевая линия;37.65486112;55.77574627;Центральный административный округ;Красносельский район;2023;Август;2615275987;;
1;Комсомольская;Кольцевая линия;37.65486112;55.77574627;Центральный административный округ;Красносельский район;2023;Сентябрь;2622020102;;
10;Кузьминки;Таганско-Краснопресненская линия;37.76640443;55.70549;Юго-Восточный административный округ;район Кузьминки;2021;Февраль;1146052548;;
10;Кузьминки;Таганско-Краснопресненская линия;37.76640443;55.70549;Юго-Восточный административный округ;район Кузьминки;2021;Апрель;1146052568;;
8;Кузьминки;Таганско-Краснопресненская линия;37.76640443;55.70549;Юго-Восточный административный округ;район Кузьминки;2021;Май;1146052576;;
10;Кузьминки;Таганско-Краснопресненская линия;37.76640443;55.70549;Юго-Восточный административный округ;район Кузьминки;2022;Ноябрь;2402230301;;
9;Курская;Кольцевая линия;37.66012112;55.75745656;Центральный административный округ;Басманный район;2021;Сентябрь;1146363750;;
9;Курская;Кольцевая линия;37.66012112;55.75745656;Центральный административный округ;Басманный район;2021;Октябрь;1263039617;;
7;Нагатинская;Серпуховско-Тимирязевская линия;37.62285;55.68386;Южный административный округ;Нагорный район;2022;Декабрь;2507467434;;
9;Нагатинская;Серпуховско-Тимирязевская линия;37.62285;55.68386;Южный административный округ;Нагорный район;2023;Февраль;2571520043;;
6;Новогиреево;Калининская линия;37.81742514;55.72333;Восточный административный округ;район Вешняки;2021;Январь;1146052534;;
4;Новогиреево;Калининская линия;37.81742514;55.72333;Восточный административный округ;район Вешняки;2021;Февраль;1146052542;;
5;Новогиреево;Калининская линия;37.81742514;55.72333;Восточный административный округ;район Вешняки;2021;Март;1146052553;;
6;Новогиреево;Калининская линия;37.81742514;55.72333;Восточный административный округ;район Вешняки;2021;Апрель;1146052564;;
9;Новогиреево;Калининская линия;37.81742514;55.72333;Восточный административный округ;район Вешняки;2021;Май;1146052577;;
7;Новогиреево;Калининская линия;37.81742514;55.72333;Восточный административный округ;район Вешняки;2021;Июнь;1146052585;;
7;Новогиреево;Калининская линия;37.81742514;55.72333;Восточный административный округ;район Вешняки;2021;Июль;1146052595;;
7;Новогиреево;Калининская линия;37.81742514;55.72333;Восточный административный округ;район Вешняки;2021;Август;1146052605;;
6;Новогиреево;Калининская линия;37.81742514;55.72333;Восточный административный округ;район Вешняки;2021;Сентябрь;1146363699;;
6;Новогиреево;Калининская линия;37.81742514;55.72333;Восточный административный округ;район Вешняки;2021;Октябрь;1263038621;;
6;Новогиреево;Калининская линия;37.81742514;55.72333;Восточный административный округ;район Вешняки;2021;Ноябрь;1266370639;;
8;Новогиреево;Калининская линия;37.81742514;55.72333;Восточный административный округ;район Вешняки;2021;Декабрь;1307562540;;
7;Новогиреево;Калининская линия;37.81742514;55.72333;Восточный административный округ;район Вешняки;2022;Январь;2257254044;;
5;Новогиреево;Калининская линия;37.81742514;55.72333;Восточный административный округ;район Вешняки;2022;Февраль;2359788816;;
7;Новогиреево;Калининская линия;37.81742514;55.72333;Восточный административный округ;район Вешняки;2022;Март;2362464385;;
6;Новогиреево;Калининская линия;37.81742514;55.72333;Восточный административный округ;район Вешняки;2022;Апрель;2366417992;;
7;Новогиреево;Калининская линия;37.81742514;55.72333;Восточный административный округ;район Вешняки;2022;Май;2370779684;;
8;Новогиреево;Калининская линия;37.81742514;55.72333;Восточный административный округ;район Вешняки;2022;Июнь;2375973451;;
8;Новогиреево;Калининская линия;37.81742514;55.72333;Восточный административный округ;район Вешняки;2022;Июль;2379935649;;
7;Новогиреево;Калининская линия;37.81742514;55.72333;Восточный административный округ;район Вешняки;2022;Август;2382463044;;
7;Новогиреево;Калининская линия;37.81742514;55.72333;Восточный административный округ;район Вешняки;2022;Сентябрь;2387305146;;
4;Новогиреево;Калининская линия;37.81742514;55.72333;Восточный административный округ;район Вешняки;2022;Октябрь;2390268440;;
4;Новогиреево;Калининская линия;37.81742514;55.72333;Восточный административный округ;район Вешняки;2022;Ноябрь;2402230295;;
4;Новогиреево;Калининская линия;37.81742514;55.72333;Восточный административный округ;район Вешняки;2022;Декабрь;2507467425;;
5;Новогиреево;Калининская линия;37.81742514;55.72333;Восточный административный округ;район Вешняки;2023;Январь;2533516513;;
5;Новогиреево;Калининская линия;37.81742514;55.72333;Восточный административный округ;район Вешняки;2023;Февраль;2571520018;;
5;Новогиреево;Калининская линия;37.81742514;55.72333;Восточный административный округ;район Вешняки;2023;Март;2580342978;;
6;Новогиреево;Калининская линия;37.81742514;55.72333;Восточный административный округ;район Вешняки;2023;Апрель;2587546026;;
6;Новогиреево;Калининская линия;37.81742514;55.72333;Восточный административный округ;район Вешняки;2023;Май;2591775714;;
7;Новогиреево;Калининская линия;37.81742514;55.72333;Восточный административный округ;район Вешняки;2023;Июнь;2601994141;;
7;Новогиреево;Калининская линия;37.81742514;55.72333;Восточный административный округ;район Вешняки;2023;Июль;2606843772;;
7;Новогиреево;Калининская линия;37.81742514;55.72333;Восточный административный округ;район Вешняки;2023;Август;2615276150;;
6;Новогиреево;Калининская линия;37.81742514;55.72333;Восточный административный округ;район Вешняки;2023;Сентябрь;2622020111;;
7;Новокосино;Калининская линия;37.86427956;55.74511606;Восточный административный округ;район Новокосино;2021;Январь;1146052535;;
6;Новокосино;Калининская линия;37.86427956;55.74511606;Восточный административный округ;район Новокосино;2021;Февраль;1146052544;;
8;Новокосино;Калининская линия;37.86427956;55.74511606;Восточный административный округ;район Новокосино;2021;Март;1146052556;;
10;Новокосино;Калининская линия;37.86427956;55.74511606;Восточный административный округ;район Новокосино;2021;Июль;1146052598;;
10;Новокосино;Калининская линия;37.86427956;55.74511606;Восточный административный округ;район Новокосино;2021;Июнь;1146052617;;
10;Новокосино;Калининская линия;37.86379572;55.74507473;Восточный административный округ;район Новокосино;2021;Сентябрь;1146363840;;
9;Новокосино;Калининская линия;37.86379572;55.74507473;Восточный административный округ;район Новокосино;2021;Ноябрь;1266370643;;
9;Новокосино;Калининская линия;37.86379572;55.74507473;Восточный административный округ;район Новокосино;2022;Январь;2257253951;;
9;Новокосино;Калининская линия;37.86379572;55.74507473;Восточный административный округ;район Новокосино;2022;Февраль;2359788819;;
9;Новокосино;Калининская линия;37.86379572;55.74507473;Восточный административный округ;район Новокосино;2022;Март;2362464410;;
9;Новокосино;Калининская линия;37.86379572;55.74507473;Восточный административный округ;район Новокосино;2022;Апрель;2366418076;;
9;Новокосино;Калининская линия;37.86427956;55.74511606;Восточный административный округ;район Новокосино;2022;Октябрь;2390268892;;
9;Новокосино;Калининская линия;37.86427956;55.74511606;Восточный административный округ;район Новокосино;2022;Ноябрь;2402230300;;
10;Новокосино;Калининская линия;37.86427956;55.74511606;Восточный административный округ;район Новокосино;2022;Декабрь;2507467776;;
9;Новокосино;Калининская линия;37.86427956;55.74511606;Восточный административный округ;район Новокосино;2023;Апрель;2587546072;;
10;Новокосино;Калининская линия;37.86427956;55.74511606;Восточный административный округ;район Новокосино;2023;Май;2591775763;;
10;Пражская;Серпуховско-Тимирязевская линия;37.60499;55.61354;Южный административный округ;район Чертаново Центральное;2023;Январь;2533523954;;
10;Пражская;Серпуховско-Тимирязевская линия;37.60499;55.61354;Южный административный округ;район Чертаново Центральное;2023;Март;2580343131;;
9;Пушкинская;Таганско-Краснопресненская линия;37.60417;55.76565;Центральный административный округ;Тверской район;2023;Июнь;2601994154;;
9;Текстильщики;Таганско-Краснопресненская линия;37.73242901;55.70881677;Юго-Восточный административный округ;район Текстильщики;2021;Январь;1146052537;;
9;Текстильщики;Таганско-Краснопресненская линия;37.73242901;55.70881677;Юго-Восточный административный округ;район Текстильщики;2021;Февраль;1146052547;;
9;Текстильщики;Таганско-Краснопресненская линия;37.73242901;55.70881677;Юго-Восточный административный округ;район Текстильщики;2021;Март;1146052557;;
9;Текстильщики;Таганско-Краснопресненская линия;37.73242901;55.70881677;Юго-Восточный административный округ;район Текстильщики;2021;Апрель;1146052567;;
5;Текстильщики;Таганско-Краснопресненская линия;37.73242901;55.70881677;Юго-Восточный административный округ;район Текстильщики;2021;Май;1146052573;;
9;Текстильщики;Таганско-Краснопресненская линия;37.73242901;55.70881677;Юго-Восточный административный округ;район Текстильщики;2021;Июнь;1146052587;;
9;Текстильщики;Таганско-Краснопресненская линия;37.73242901;55.70881677;Юго-Восточный административный округ;район Текстильщики;2021;Июль;1146052597;;
9;Текстильщики;Таганско-Краснопресненская линия;37.73242901;55.70881677;Юго-Восточный административный округ;район Текстильщики;2021;Август;1146052607;;
10;Текстильщики;Таганско-Краснопресненская линия;37.73242901;55.70881677;Юго-Восточный административный округ;район Текстильщики;2021;Октябрь;1263039858;;
10;Текстильщики;Таганско-Краснопресненская линия;37.73242901;55.70881677;Юго-Восточный административный округ;район Текстильщики;2021;Ноябрь;1266370644;;
10;Текстильщики;Таганско-Краснопресненская линия;37.73242901;55.70881677;Юго-Восточный административный округ;район Текстильщики;2022;Январь;2257253952;;
10;Текстильщики;Таганско-Краснопресненская линия;37.73242901;55.70881677;Юго-Восточный административный округ;район Текстильщики;2022;Апрель;2366418093;;
9;Текстильщики;Таганско-Краснопресненская линия;37.73242901;55.70881677;Юго-Восточный административный округ;район Текстильщики;2022;Май;2370779686;;
10;Текстильщики;Таганско-Краснопресненская линия;37.73242901;55.70881677;Юго-Восточный административный округ;район Текстильщики;2022;Июнь;2375973453;;
10;Текстильщики;Таганско-Краснопресненская линия;37.73242901;55.70881677;Юго-Восточный административный округ;район Текстильщики;2022;Июль;2379935651;;
10;Текстильщики;Таганско-Краснопресненская линия;37.73242901;55.70881677;Юго-Восточный административный округ;район Текстильщики;2022;Август;2382463048;;
10;Текстильщики;Таганско-Краснопресненская линия;37.73242901;55.70881677;Юго-Восточный административный округ;район Текстильщики;2022;Сентябрь;2387305149;;
7;Текстильщики;Таганско-Краснопресненская линия;37.73242901;55.70881677;Юго-Восточный административный округ;район Текстильщики;2022;Ноябрь;2402230298;;
9;Текстильщики;Таганско-Краснопресненская линия;37.73242901;55.70881677;Юго-Восточный административный округ;район Текстильщики;2022;Декабрь;2507467508;;
8;Текстильщики;Таганско-Краснопресненская линия;37.73242901;55.70881677;Юго-Восточный административный округ;район Текстильщики;2023;Январь;2533516536;;
8;Текстильщики;Таганско-Краснопресненская линия;37.73242901;55.70881677;Юго-Восточный административный округ;район Текстильщики;2023;Февраль;2571520031;;
2;Текстильщики;Таганско-Краснопресненская линия;37.73242901;55.70881677;Юго-Восточный административный округ;район Текстильщики;2023;Март;2580342878;;
3;Текстильщики;Таганско-Краснопресненская линия;37.73242901;55.70881677;Юго-Восточный административный округ;район Текстильщики;2023;Апрель;2587545988;;
3;Текстильщики;Таганско-Краснопресненская линия;37.73242901;55.70881677;Юго-Восточный административный округ;район Текстильщики;2023;Май;2591775694;;
5;Текстильщики;Таганско-Краснопресненская линия;37.73242901;55.70881677;Юго-Восточный административный округ;район Текстильщики;2023;Июнь;2601994133;;
6;Текстильщики;Таганско-Краснопресненская линия;37.73242901;55.70881677;Юго-Восточный административный округ;район Текстильщики;2023;Июль;2606843771;;
5;Текстильщики;Таганско-Краснопресненская линия;37.73242901;55.70881677;Юго-Восточный административный округ;район Текстильщики;2023;Август;2615276107;;
3;Текстильщики;Таганско-Краснопресненская линия;37.73242901;55.70881677;Юго-Восточный административный округ;район Текстильщики;2023;Сентябрь;2622020104;;
5;Тёплый стан;Калужско-Рижская линия;37.50697019;55.61863853;Юго-Западный административный округ;район Ясенево;2021;Апрель;1146052563;;
6;Тёплый стан;Калужско-Рижская линия;37.50697019;55.61863853;Юго-Западный административный округ;район Ясенево;2021;Май;1146052574;;
5;Тёплый стан;Калужско-Рижская линия;37.50697019;55.61863853;Юго-Западный административный округ;район Ясенево;2021;Июнь;1146052583;;
3;Тёплый стан;Калужско-Рижская линия;37.50697019;55.61863853;Юго-Западный административный округ;район Ясенево;2021;Июль;1146052591;;
3;Тёплый стан;Калужско-Рижская линия;37.50697019;55.61863853;Юго-Западный административный округ;район Ясенево;2021;Август;1146052601;;
5;Тёплый стан;Калужско-Рижская линия;37.50697019;55.61863853;Юго-Западный административный округ;район Ясенево;2021;Сентябрь;1146363612;;
4;Тёплый стан;Калужско-Рижская линия;37.50697019;55.61863853;Юго-Западный административный округ;район Ясенево;2021;Октябрь;1263038216;;
8;Тёплый стан;Калужско-Рижская линия;37.50697019;55.61863853;Юго-Западный административный округ;район Ясенево;2021;Ноябрь;1266370641;;
3;Тёплый стан;Калужско-Рижская линия;37.50697019;55.61863853;Юго-Западный административный округ;район Ясенево;2021;Декабрь;1306313995;;
8;Тёплый стан;Калужско-Рижская линия;37.50697019;55.61863853;Юго-Западный административный округ;район Ясенево;2022;Январь;2257253950;;
8;Тёплый стан;Калужско-Рижская линия;37.50697019;55.61863853;Юго-Западный административный округ;район Ясенево;2022;Февраль;2359788818;;
5;Тёплый стан;Калужско-Рижская линия;37.50697019;55.61863853;Юго-Западный административный округ;район Ясенево;2022;Март;2362464375;;
5;Тёплый стан;Калужско-Рижская линия;37.50697019;55.61863853;Юго-Западный административный округ;район Ясенево;2022;Апрель;2366417975;;
5;Тёплый стан;Калужско-Рижская линия;37.50697019;55.61863853;Юго-Западный административный округ;район Ясенево;2022;Май;2370779682;;
3;Тёплый стан;Калужско-Рижская линия;37.50697019;55.61863853;Юго-Западный административный округ;район Ясенево;2022;Июнь;2375973446;;
4;Тёплый стан;Калужско-Рижская линия;37.50697019;55.61863853;Юго-Западный административный округ;район Ясенево;2022;Июль;2379935644;;
6;Тёплый стан;Калужско-Рижская линия;37.50697019;55.61863853;Юго-Западный административный округ;район Ясенево;2022;Август;2382463043;;
5;Тёплый стан;Калужско-Рижская линия;37.50697019;55.61863853;Юго-Западный административный округ;район Ясенево;2022;Сентябрь;2387281237;;
6;Тёплый стан;Калужско-Рижская линия;37.50697019;55.61863853;Юго-Западный административный округ;район Ясенево;2022;Октябрь;2390268598;;
5;Тёплый стан;Калужско-Рижская линия;37.50697019;55.61863853;Юго-Западный административный округ;район Ясенево;2022;Ноябрь;2402230296;;
6;Тёплый стан;Калужско-Рижская линия;37.50697019;55.61863853;Юго-Западный административный округ;район Ясенево;2022;Декабрь;2507467432;;
7;Тёплый стан;Калужско-Рижская линия;37.50697019;55.61863853;Юго-Западный административный округ;район Ясенево;2023;Январь;2533516530;;
6;Тёплый стан;Калужско-Рижская линия;37.50697019;55.61863853;Юго-Западный административный округ;район Ясенево;2023;Февраль;2571520021;;
6;Тёплый стан;Калужско-Рижская линия;37.50697019;55.61863853;Юго-Западный административный округ;район Ясенево;2023;Март;2580343018;;
5;Тёплый стан;Калужско-Рижская линия;37.50697019;55.61863853;Юго-Западный административный округ;район Ясенево;2023;Апрель;2587546008;;
4;Тёплый стан;Калужско-Рижская линия;37.50697019;55.61863853;Юго-Западный административный округ;район Ясенево;2023;Май;2591775697;;
3;Тёплый стан;Калужско-Рижская линия;37.50697019;55.61863853;Юго-Западный административный округ;район Ясенево;2023;Июнь;2601994112;;
3;Тёплый стан;Калужско-Рижская линия;37.50697019;55.61863853;Юго-Западный административный округ;район Ясенево;2023;Июль;2606843756;;
4;Тёплый стан;Калужско-Рижская линия;37.50697019;55.61863853;Юго-Западный административный округ;район Ясенево;2023;Август;2615276089;;
5;Тёплый стан;Калужско-Рижская линия;37.50697019;55.61863853;Юго-Западный административный округ;район Ясенево;2023;Сентябрь;2622020110;;
10;Тушинская;Таганско-Краснопресненская линия;37.43716386;55.8264244;Северо-Западный административный округ;район Покровское-Стрешнево;2021;Январь;1146052538;;
8;Царицыно;Замоскворецкая линия;37.66917139;55.62167819;Южный административный округ;район Царицыно;2021;Январь;1146052536;;
7;Царицыно;Замоскворецкая линия;37.66917139;55.62167819;Южный административный округ;район Царицыно;2021;Февраль;1146052545;;
7;Царицыно;Замоскворецкая линия;37.66917139;55.62167819;Южный административный округ;район Царицыно;2021;Март;1146052555;;
8;Царицыно;Замоскворецкая линия;37.66917139;55.62167819;Южный административный округ;район Царицыно;2021;Апрель;1146052566;;
7;Царицыно;Замоскворецкая линия;37.66917139;55.62167819;Южный административный округ;район Царицыно;2021;Май;1146052575;;
6;Царицыно;Замоскворецкая линия;37.66917139;55.62167819;Южный административный округ;район Царицыно;2021;Июнь;1146052584;;
6;Царицыно;Замоскворецкая линия;37.66917139;55.62167819;Южный административный округ;район Царицыно;2021;Июль;1146052594;;
6;Царицыно;Замоскворецкая линия;37.66917139;55.62167819;Южный административный округ;район Царицыно;2021;Август;1146052604;;
7;Царицыно;Замоскворецкая линия;37.66917139;55.62167819;Южный административный округ;район Царицыно;2021;Сентябрь;1146363719;;
7;Царицыно;Замоскворецкая линия;37.66917139;55.62167819;Южный административный округ;район Царицыно;2021;Октябрь;1263038792;;
7;Царицыно;Замоскворецкая линия;37.66917139;55.62167819;Южный административный округ;район Царицыно;2021;Ноябрь;1266370640;;
7;Царицыно;Замоскворецкая линия;37.66917139;55.62167819;Южный административный округ;район Царицыно;2021;Декабрь;1307449449;;
6;Царицыно;Замоскворецкая линия;37.66917139;55.62167819;Южный административный округ;район Царицыно;2022;Январь;2257254039;;
4;Царицыно;Замоскворецкая линия;37.66917139;55.62167819;Южный административный округ;район Царицыно;2022;Февраль;2359788803;;
6;Царицыно;Замоскворецкая линия;37.66917139;55.62167819;Южный административный округ;район Царицыно;2022;Март;2362464381;;
7;Царицыно;Замоскворецкая линия;37.66917139;55.62167819;Южный административный округ;район Царицыно;2022;Апрель;2366417995;;
6;Царицыно;Замоскворецкая линия;37.66917139;55.62167819;Южный административный округ;район Царицыно;2022;Май;2370779683;;
6;Царицыно;Замоскворецкая линия;37.66917139;55.62167819;Южный административный округ;район Царицыно;2022;Июнь;2375973449;;
6;Царицыно;Замоскворецкая линия;37.66917139;55.62167819;Южный административный округ;район Царицыно;2022;Июль;2379935646;;
4;Царицыно;Замоскворецкая линия;37.66917139;55.62167819;Южный административный округ;район Царицыно;2022;Август;2382463040;;
6;Царицыно;Замоскворецкая линия;37.66917139;55.62167819;Южный административный округ;район Царицыно;2022;Сентябрь;2387305145;;
7;Царицыно;Замоскворецкая линия;37.66917139;55.62167819;Южный административный округ;район Царицыно;2022;Октябрь;2390268684;;
9;Царицыно;Замоскворецкая линия;37.66917139;55.62167819;Южный административный округ;район Царицыно;2023;Июль;2606843776;;
10;Царицыно;Замоскворецкая линия;37.66917139;55.62167819;Южный административный округ;район Царицыно;2023;Август;2615276267;;
10;Царицыно;Замоскворецкая линия;37.66917139;55.62167819;Южный административный округ;район Царицыно;2023;Сентябрь;2622020115;;
3;Щёлковская;Арбатско-Покровская линия;37.79874691;55.80974166;Восточный административный округ;район Северное Измайлово;2021;Январь;1146052531;;
3;Щёлковская;Арбатско-Покровская линия;37.79874691;55.80974166;Восточный административный округ;район Северное Измайлово;2021;Февраль;1146052541;;
3;Щёлковская;Арбатско-Покровская линия;37.79874691;55.80974166;Восточный административный округ;район Северное Измайлово;2021;Март;1146052551;;
3;Щёлковская;Арбатско-Покровская линия;37.79874691;55.80974166;Восточный административный округ;район Северное Измайлово;2021;Апрель;1146052561;;
4;Щёлковская;Арбатско-Покровская линия;37.79874691;55.80974166;Восточный административный округ;район Северное Измайлово;2021;Май;1146052572;;
4;Щёлковская;Арбатско-Покровская линия;37.79874691;55.80974166;Восточный административный округ;район Северное Измайлово;2021;Июнь;1146052582;;
5;Щёлковская;Арбатско-Покровская линия;37.79874691;55.80974166;Восточный административный округ;район Северное Измайлово;2021;Июль;1146052593;;
5;Щёлковская;Арбатско-Покровская линия;37.79874691;55.80974166;Восточный административный округ;район Северное Измайлово;2021;Август;1146052603;;
3;Щёлковская;Арбатско-Покровская линия;37.79874691;55.80974166;Восточный административный округ;район Северное Измайлово;2021;Сентябрь;1146349092;;
3;Щёлковская;Арбатско-Покровская линия;37.79874691;55.80974166;Восточный административный округ;район Северное Измайлово;2021;Октябрь;1263038169;;
3;Щёлковская;Арбатско-Покровская линия;37.79874691;55.80974166;Восточный административный округ;район Северное Измайлово;2021;Ноябрь;1266370636;;
5;Щёлковская;Арбатско-Покровская линия;37.79874691;55.80974166;Восточный административный округ;район Северное Измайлово;2021;Декабрь;1306901341;;
3;Щёлковская;Арбатско-Покровская линия;37.79874691;55.80974166;Восточный административный округ;район Северное Измайлово;2022;Январь;2257254028;;
3;Щёлковская;Арбатско-Покровская линия;37.79874691;55.80974166;Восточный административный округ;район Северное Измайлово;2022;Февраль;2359792617;;
3;Щёлковская;Арбатско-Покровская линия;37.79874691;55.80974166;Восточный административный округ;район Северное Измайлово;2022;Март;2362409079;;
4;Щёлковская;Арбатско-Покровская линия;37.79874691;55.80974166;Восточный административный округ;район Северное Измайлово;2022;Апрель;2366417938;;
4;Щёлковская;Арбатско-Покровская линия;37.79874691;55.80974166;Восточный административный округ;район Северное Измайлово;2022;Май;2370779681;;
5;Щёлковская;Арбатско-Покровская линия;37.79874691;55.80974166;Восточный административный округ;район Северное Измайлово;2022;Июнь;2375973448;;
5;Щёлковская;Арбатско-Покровская линия;37.79874691;55.80974166;Восточный административный округ;район Северное Измайлово;2022;Июль;2379935645;;
5;Щёлковская;Арбатско-Покровская линия;37.79874691;55.80974166;Восточный административный округ;район Северное Измайлово;2022;Август;2382463041;;
3;Щёлковская;Арбатско-Покровская линия;37.79874691;55.80974166;Восточный административный округ;район Северное Измайлово;2022;Сентябрь;2387281234;;
3;Щёлковская;Арбатско-Покровская линия;37.79874691;55.80974166;Восточный административный округ;район Северное Измайлово;2022;Октябрь;2390268347;;
3;Щёлковская;Арбатско-Покровская линия;37.79874691;55.80974166;Восточный административный округ;район Северное Измайлово;2022;Ноябрь;2402230294;;
8;Щёлковская;Арбатско-Покровская линия;37.79874691;55.80974166;Восточный административный округ;район Северное Измайлово;2022;Декабрь;2507467454;;
3;Щёлковская;Арбатско-Покровская линия;37.79874691;55.80974166;Восточный административный округ;район Северное Измайлово;2023;Январь;2533516498;;
3;Щёлковская;Арбатско-Покровская линия;37.79874691;55.80974166;Восточный административный округ;район Северное Измайлово;2023;Февраль;2571519999;;
4;Щёлковская;Арбатско-Покровская линия;37.79874691;55.80974166;Восточный административный округ;район Северное Измайлово;2023;Март;2580342945;;
4;Щёлковская;Арбатско-Покровская линия;37.79874691;55.80974166;Восточный административный округ;район Северное Измайлово;2023;Апрель;2587545999;;
5;Щёлковская;Арбатско-Покровская линия;37.79874691;55.80974166;Восточный административный округ;район Северное Измайлово;2023;Май;2591775707;;
4;Щёлковская;Арбатско-Покровская линия;37.79874691;55.80974166;Восточный административный округ;район Северное Измайлово;2023;Июнь;2601994127;;
4;Щёлковская;Арбатско-Покровская линия;37.79874691;55.80974166;Восточный административный округ;район Северное Измайлово;2023;Июль;2606843759;;
3;Щёлковская;Арбатско-Покровская линия;37.79874691;55.80974166;Восточный административный округ;район Северное Измайлово;2023;Август;2615276059;;
4;Щёлковская;Арбатско-Покровская линия;37.79874691;55.80974166;Восточный административный округ;район Северное Измайлово;2023;Сентябрь;2622020109;;
